{
  "type": "minecraft:random_selector",
  "config": {
    "features": [
		{
			"chance": 0.05,
			"feature": {
			  "feature": {
				"type": "minecraft:tree",
				"config": {
				  "ignore_vines": true,
				  "force_dirt": true,
				  "minimum_size": {
					"type": "minecraft:two_layers_feature_size",
					"min_clipped_height": 16,
					"limit": 0,
					"lower_size": 0,
					"upper_size": 0
				  },
				  "sapling_provider": {
					"type": "minecraft:simple_state_provider",
					"state": {
					  "Name": "minecraft:oak_sapling",
					  "Properties": {
						"stage": "0"
					  }
					}
				  },
				  "dirt_provider": {
					"type": "minecraft:simple_state_provider",
					"state": {
					  "Name": "minecraft:dirt"
					}
				  },
				  "trunk_provider": {
					"type": "minecraft:simple_state_provider",
					"state": {
					  "Name": "minecraft:dark_oak_log",
					  "Properties": {
						"axis": "y"
					  }
					}
				  },
				  "foliage_provider": {
					"type": "minecraft:weighted_state_provider",
					"entries": [
					  {
						"weight": 1,
						"data": {
						  "Name": "minecraft:jungle_leaves",
						  "Properties": {
							"persistent": "false",
							"distance": "7"
						  }
						}
					  },
					  {
						"weight": 12,
						"data": {
						  "Name": "minecraft:dark_oak_leaves",
						  "Properties": {
							"distance": "7",
							"persistent": "false"
						  }
						}
					  }
					]
				  },
				  "trunk_placer": {
					"type": "minecraft:fancy_trunk_placer",
					"base_height": 12,
					"height_rand_a": 6,
					"height_rand_b": 10
				  },
				  "foliage_placer": {
					"type": "minecraft:fancy_foliage_placer",
					"radius": 3,
					"offset": 2,
					"height": 4
				  },
				  "decorators": [
					{
					  "type": "minecraft:beehive",
					  "probability": 0.05
					}
				  ]
				}
			  }
			  ,
			  "placement": []
			}
		},
		{
			"chance": 0.1,
			"feature": {
			  "feature": {
				"type": "minecraft:tree",
				"config": {
				  "ignore_vines": true,
				  "minimum_size": {
					"type": "minecraft:two_layers_feature_size",
					"min_clipped_height": 16,
					"limit": 0,
					"lower_size": 0,
					"upper_size": 0
				  },
				  "sapling_provider": {
					"type": "minecraft:simple_state_provider",
					"state": {
					  "Name": "minecraft:oak_sapling",
					  "Properties": {
						"stage": "0"
					  }
					}
				  },
				  "dirt_provider": {
					"type": "minecraft:simple_state_provider",
					"state": {
					  "Name": "minecraft:dirt"
					}
				  },
				  "trunk_provider": {
					"type": "minecraft:simple_state_provider",
					"state": {
					  "Name": "minecraft:dark_oak_log",
					  "Properties": {
						"axis": "y"
					  }
					}
				  },
				  "foliage_provider": {
					"type": "minecraft:weighted_state_provider",
					"entries": [
					  {
						"weight": 1,
						"data": {
						  "Name": "minecraft:jungle_leaves",
						  "Properties": {
							"persistent": "false",
							"distance": "7"
						  }
						}
					  },
					  {
						"weight": 12,
						"data": {
						  "Name": "minecraft:dark_oak_leaves",
						  "Properties": {
							"distance": "7",
							"persistent": "false"
						  }
						}
					  }
					]
				  },
				  "trunk_placer": {
					"type": "minecraft:fancy_trunk_placer",
					"base_height": 8,
					"height_rand_a": 4,
					"height_rand_b": 8
				  },
				  "foliage_placer": {
					"type": "minecraft:acacia_foliage_placer",
					"radius": {
					  "type": "minecraft:constant",
					  "value": 3
					},
					"offset": 1
				  },
				  "decorators": [
					{
					  "type": "minecraft:leave_vine",
					  "probability": 0.25
					}
				  ]
				}
			  },
			  "placement": []
			}
		}
    ],
    "default": {
      "feature": {
        "type": "minecraft:tree",
        "config": {
          "ignore_vines": true,
          "force_dirt": true,
          "minimum_size": {
            "type": "minecraft:two_layers_feature_size",
            "min_clipped_height": 16,
            "limit": 0,
            "lower_size": 0,
            "upper_size": 0
          },
          "sapling_provider": {
            "type": "minecraft:simple_state_provider",
            "state": {
              "Name": "minecraft:oak_sapling",
              "Properties": {
                "stage": "0"
              }
            }
          },
          "dirt_provider": {
            "type": "minecraft:simple_state_provider",
            "state": {
              "Name": "minecraft:dirt"
            }
          },
          "trunk_provider": {
            "type": "minecraft:simple_state_provider",
            "state": {
              "Name": "minecraft:dark_oak_log",
              "Properties": {
                "axis": "y"
              }
            }
          },
          "foliage_provider": {
            "type": "minecraft:weighted_state_provider",
            "entries": [
              {
                "weight": 1,
                "data": {
                  "Name": "minecraft:jungle_leaves",
                  "Properties": {
                    "persistent": "false",
                    "distance": "7"
                  }
                }
              },
              {
                "weight": 12,
                "data": {
                  "Name": "minecraft:dark_oak_leaves",
                  "Properties": {
                    "distance": "7",
                    "persistent": "false"
                  }
                }
              }
            ]
          },
          "trunk_placer": {
            "type": "minecraft:fancy_trunk_placer",
            "base_height": 3,
            "height_rand_a": 3,
            "height_rand_b": 6
          },
          "foliage_placer": {
            "type": "minecraft:fancy_foliage_placer",
            "radius": 3,
            "offset": 4,
            "height": 4
          },
          "decorators": []
        }
      },
      "placement": []
    }
  }
}
