{
  "type": "minecraft:random_selector",
  "config": {
    "features": [
	  {
        "chance": 0.02,
        "feature": "terralith:taiga/tall/trees_tall"
      },
	    {
        "chance": 0.075,
        "feature": "terralith:taiga/small/trees_small"
      },
	    {
        "chance": 0.05,
        "feature": "terralith:taiga/mid/pine_mid"
      },
      {
        "chance": 0.1,
        "feature": "terralith:taiga/mid/spruce_mid_m"
      }
    ],
    "default": "terralith:taiga/mid/spruce_mid"
  }
}
